BLTT2023,BV Truyền Máu Huyết Học,,30/04/2023
3177,BV Truyền Máu Huyết Học,,30/04/2023
BLTT2023,BV Truyền Máu Huyết Học,,29/04/2023
8099,BV Truyền Máu Huyết Học,,28/04/2023
2804231ND22,BV Truyền Máu Huyết Học,True,28/04/2023
3093,BV Truyền Máu Huyết Học,,28/04/2023
2704232,BV Truyền Máu Huyết Học,,27/04/2023
2604ghnd2,BV Truyền Máu Huyết Học,True,26/04/2023
3056,BV Truyền Máu Huyết Học,,26/04/2023
2504231,BV Truyền Máu Huyết Học,,25/04/2023
2404231GHND,BV Truyền Máu Huyết Học,True,24/04/2023
BLTT20233016,BV Truyền Máu Huyết Học,,24/04/2023
2304232,BV Truyền Máu Huyết Học,,23/04/2023
3002,BV Truyền Máu Huyết Học,,23/04/2023
BLTT2955,BV Truyền Máu Huyết Học,,22/04/2023
2104GHND2,BV Truyền Máu Huyết Học,True,21/04/2023
2905,BV Truyền Máu Huyết Học,,21/04/2023
7576,BV Truyền Máu Huyết Học,,20/04/2023
1904231ghnd2,BV Truyền Máu Huyết Học,True,19/04/2023
7410,BV Truyền Máu Huyết Học,,18/04/2023
2855,BV Truyền Máu Huyết Học,,18/04/2023
1704231ghnd2,BV Truyền Máu Huyết Học,True,17/04/2023
2837,BV Truyền Máu Huyết Học,,17/04/2023
2805,BV Truyền Máu Huyết Học,,16/04/2023
2821,BV Truyền Máu Huyết Học,,16/04/2023
BLTT002749,BV Truyền Máu Huyết Học,,15/04/2023
bltt2777,BV Truyền Máu Huyết Học,,15/04/2023
1404232GH,BV Truyền Máu Huyết Học,True,14/04/2023
007080,BV Truyền Máu Huyết Học,,13/04/2023
2701,BV Truyền Máu Huyết Học,,13/04/2023
1204232ghnd2,BV Truyền Máu Huyết Học,True,12/04/2023
2678,BV Truyền Máu Huyết Học,,12/04/2023
2K23TTM6936,BV Truyền Máu Huyết Học,,11/04/2023
2666,BV Truyền Máu Huyết Học,,11/04/2023
10042023GHND2,BV Truyền Máu Huyết Học,True,10/04/2023
2651,BV Truyền Máu Huyết Học,,10/04/2023
2599,BV Truyền Máu Huyết Học,,09/04/2023
2623,BV Truyền Máu Huyết Học,,09/04/2023
2547,BV Truyền Máu Huyết Học,,08/04/2023
0804231,BV Truyền Máu Huyết Học,,08/04/2023
0704232GH,BV Truyền Máu Huyết Học,True,07/04/2023
2K23TTM6612,BV Truyền Máu Huyết Học,,06/04/2023
2514,BV Truyền Máu Huyết Học,,06/04/2023
050423GHND2,BV Truyền Máu Huyết Học,True,05/04/2023
2K23TTM,BV Truyền Máu Huyết Học,,04/04/2023
2492,BV Truyền Máu Huyết Học,,04/04/2023
6352,BV Truyền Máu Huyết Học,,03/04/2023
0304231GHND2,BV Truyền Máu Huyết Học,True,03/04/2023
2473,BV Truyền Máu Huyết Học,,03/04/2023
2441,BV Truyền Máu Huyết Học,,02/04/2023
BLTT20232408,BV Truyền Máu Huyết Học,,01/04/2023
3103231GHND2,BV Truyền Máu Huyết Học,True,31/03/2023
1234,BV Truyền Máu Huyết Học,True,30/03/2023
6156,BV Truyền Máu Huyết Học,,30/03/2023
2360,BV Truyền Máu Huyết Học,,30/03/2023
GH290323ND2,BV Truyền Máu Huyết Học,True,29/03/2023
2K23TTM,BV Truyền Máu Huyết Học,,28/03/2023
2324,BV Truyền Máu Huyết Học,,28/03/2023
2703231GHND2,BV Truyền Máu Huyết Học,True,27/03/2023
2294,BV Truyền Máu Huyết Học,,27/03/2023
2273,BV Truyền Máu Huyết Học,,26/03/2023
2503232,BV Truyền Máu Huyết Học,,25/03/2023
2240,BV Truyền Máu Huyết Học,,25/03/2023
2403231GH,BV Truyền Máu Huyết Học,True,24/03/2023
2191,BV Truyền Máu Huyết Học,,24/03/2023
2K23TTM5646,BV Truyền Máu Huyết Học,,23/03/2023
2178,BV Truyền Máu Huyết Học,,23/03/2023
2203232GHND2,BV Truyền Máu Huyết Học,,22/03/2023
2203232,BV Truyền Máu Huyết Học,True,22/03/2023
2155,BV Truyền Máu Huyết Học,,22/03/2023
21032023,BV Truyền Máu Huyết Học,,21/03/2023
2147,BV Truyền Máu Huyết Học,,21/03/2023
5382,BV Truyền Máu Huyết Học,True,20/03/2023
2125,BV Truyền Máu Huyết Học,,20/03/2023
2106,BV Truyền Máu Huyết Học,,19/03/2023
2107,BV Truyền Máu Huyết Học,,19/03/2023
2069,BV Truyền Máu Huyết Học,,18/03/2023
170323,BV Truyền Máu Huyết Học,True,17/03/2023
2021,BV Truyền Máu Huyết Học,,17/03/2023
51455,BV Truyền Máu Huyết Học,,16/03/2023
