MaBienLai,,Tenmau,NM,Gia,Phidieuche,Phivanchuyen,Gionhap,Handung,Trangthai
MaBienLai,,Tenmau,NM,Gia,Phidieuche,Phivanchuyen,Gionhap,Handung,Trangthai
MaBienLai,,Tenmau,NM,Gia,Phidieuche,Phivanchuyen,Gionhap,Handung,Trangthai
MaBienLai,,Tenmau,NM,Gia,Phidieuche,Phivanchuyen,Gionhap,Handung,Trangthai
MaBienLai,,Tenmau,NM,Gia,Phidieuche,Phivanchuyen,Gionhap,Handung,Trangthai
MaBienLai,,Tenmau,NM,Gia,Phidieuche,Phivanchuyen,Gionhap,Handung,Trangthai
MaBienLai,,Tenmau,NM,Gia,Phidieuche,Phivanchuyen,Gionhap,Handung,Trangthai
MaBienLai,,Tenmau,NM,Gia,Phidieuche,Phivanchuyen,Gionhap,Handung,Trangthai
MaBienLai,,Tenmau,NM,Gia,Phidieuche,Phivanchuyen,Gionhap,Handung,Trangthai
MaBienLai,,Tenmau,NM,Gia,Phidieuche,Phivanchuyen,Gionhap,Handung,Trangthai
MaBienLai,,Tenmau,NM,Gia,Phidieuche,Phivanchuyen,Gionhap,Handung,Trangthai
MaBienLai,,Tenmau,NM,Gia,Phidieuche,Phivanchuyen,Gionhap,Handung,Trangthai
MaBienLai,,Tenmau,NM,Gia,Phidieuche,Phivanchuyen,Gionhap,Handung,Trangthai
MaBienLai,,Tenmau,NM,Gia,Phidieuche,Phivanchuyen,Gionhap,Handung,Trangthai
MaBienLai,,Tenmau,NM,Gia,Phidieuche,Phivanchuyen,Gionhap,Handung,Trangthai
MaBienLai,,Tenmau,NM,Gia,Phidieuche,Phivanchuyen,Gionhap,Handung,Trangthai
MaBienLai,,Tenmau,NM,Gia,Phidieuche,Phivanchuyen,Gionhap,Handung,Trangthai
MaBienLai,,Tenmau,NM,Gia,Phidieuche,Phivanchuyen,Gionhap,Handung,Trangthai
MaBienLai,,Tenmau,NM,Gia,Phidieuche,Phivanchuyen,Gionhap,Handung,Trangthai
MaBienLai,,Tenmau,NM,Gia,Phidieuche,Phivanchuyen,Gionhap,Handung,Trangthai
MaBienLai,,Tenmau,NM,Gia,Phidieuche,Phivanchuyen,Gionhap,Handung,Trangthai
MaBienLai,,Tenmau,NM,Gia,Phidieuche,Phivanchuyen,Gionhap,Handung,Trangthai
MaBienLai,,Tenmau,NM,Gia,Phidieuche,Phivanchuyen,Gionhap,Handung,Trangthai
MaBienLai,,Tenmau,NM,Gia,Phidieuche,Phivanchuyen,Gionhap,Handung,Trangthai
MaBienLai,,Tenmau,NM,Gia,Phidieuche,Phivanchuyen,Gionhap,Handung,Trangthai
MaBienLai,,Tenmau,NM,Gia,Phidieuche,Phivanchuyen,Gionhap,Handung,Trangthai
MaBienLai,,Tenmau,NM,Gia,Phidieuche,Phivanchuyen,Gionhap,Handung,Trangthai
MaBienLai,,Tenmau,NM,Gia,Phidieuche,Phivanchuyen,Gionhap,Handung,Trangthai
MaBienLai,,Tenmau,NM,Gia,Phidieuche,Phivanchuyen,Gionhap,Handung,Trangthai
MaBienLai,,Tenmau,NM,Gia,Phidieuche,Phivanchuyen,Gionhap,Handung,Trangthai
MaBienLai,,Tenmau,NM,Gia,Phidieuche,Phivanchuyen,Gionhap,Handung,Trangthai
MaBienLai,,Tenmau,NM,Gia,Phidieuche,Phivanchuyen,Gionhap,Handung,Trangthai
MaBienLai,,Tenmau,NM,Gia,Phidieuche,Phivanchuyen,Gionhap,Handung,Trangthai
MaBienLai,,Tenmau,NM,Gia,Phidieuche,Phivanchuyen,Gionhap,Handung,Trangthai
MaBienLai,,Tenmau,NM,Gia,Phidieuche,Phivanchuyen,Gionhap,Handung,Trangthai
MaBienLai,,Tenmau,NM,Gia,Phidieuche,Phivanchuyen,Gionhap,Handung,Trangthai
MaBienLai,,Tenmau,NM,Gia,Phidieuche,Phivanchuyen,Gionhap,Handung,Trangthai
MaBienLai,,Tenmau,NM,Gia,Phidieuche,Phivanchuyen,Gionhap,Handung,Trangthai
MaBienLai,,Tenmau,NM,Gia,Phidieuche,Phivanchuyen,Gionhap,Handung,Trangthai
MaBienLai,,Tenmau,NM,Gia,Phidieuche,Phivanchuyen,Gionhap,Handung,Trangthai
MaBienLai,,Tenmau,NM,Gia,Phidieuche,Phivanchuyen,Gionhap,Handung,Trangthai
MaBienLai,,Tenmau,NM,Gia,Phidieuche,Phivanchuyen,Gionhap,Handung,Trangthai
MaBienLai,,Tenmau,NM,Gia,Phidieuche,Phivanchuyen,Gionhap,Handung,Trangthai
MaBienLai,,Tenmau,NM,Gia,Phidieuche,Phivanchuyen,Gionhap,Handung,Trangthai
MaBienLai,,Tenmau,NM,Gia,Phidieuche,Phivanchuyen,Gionhap,Handung,Trangthai
MaBienLai,,Tenmau,NM,Gia,Phidieuche,Phivanchuyen,Gionhap,Handung,Trangthai
MaBienLai,,Tenmau,NM,Gia,Phidieuche,Phivanchuyen,Gionhap,Handung,Trangthai
MaBienLai,,Tenmau,NM,Gia,Phidieuche,Phivanchuyen,Gionhap,Handung,Trangthai
MaBienLai,,Tenmau,NM,Gia,Phidieuche,Phivanchuyen,Gionhap,Handung,Trangthai
MaBienLai,,Tenmau,NM,Gia,Phidieuche,Phivanchuyen,Gionhap,Handung,Trangthai
MaBienLai,,Tenmau,NM,Gia,Phidieuche,Phivanchuyen,Gionhap,Handung,Trangthai
MaBienLai,,Tenmau,NM,Gia,Phidieuche,Phivanchuyen,Gionhap,Handung,Trangthai
MaBienLai,,Tenmau,NM,Gia,Phidieuche,Phivanchuyen,Gionhap,Handung,Trangthai
MaBienLai,,Tenmau,NM,Gia,Phidieuche,Phivanchuyen,Gionhap,Handung,Trangthai
MaBienLai,,Tenmau,NM,Gia,Phidieuche,Phivanchuyen,Gionhap,Handung,Trangthai
MaBienLai,,Tenmau,NM,Gia,Phidieuche,Phivanchuyen,Gionhap,Handung,Trangthai
MaBienLai,,Tenmau,NM,Gia,Phidieuche,Phivanchuyen,Gionhap,Handung,Trangthai
MaBienLai,,Tenmau,NM,Gia,Phidieuche,Phivanchuyen,Gionhap,Handung,Trangthai
MaBienLai,,Tenmau,NM,Gia,Phidieuche,Phivanchuyen,Gionhap,Handung,Trangthai
MaBienLai,,Tenmau,NM,Gia,Phidieuche,Phivanchuyen,Gionhap,Handung,Trangthai
MaBienLai,,Tenmau,NM,Gia,Phidieuche,Phivanchuyen,Gionhap,Handung,Trangthai
MaBienLai,,Tenmau,NM,Gia,Phidieuche,Phivanchuyen,Gionhap,Handung,Trangthai
MaBienLai,,Tenmau,NM,Gia,Phidieuche,Phivanchuyen,Gionhap,Handung,Trangthai
MaBienLai,,Tenmau,NM,Gia,Phidieuche,Phivanchuyen,Gionhap,Handung,Trangthai
MaBienLai,,Tenmau,NM,Gia,Phidieuche,Phivanchuyen,Gionhap,Handung,Trangthai
MaBienLai,,Tenmau,NM,Gia,Phidieuche,Phivanchuyen,Gionhap,Handung,Trangthai
MaBienLai,,Tenmau,NM,Gia,Phidieuche,Phivanchuyen,Gionhap,Handung,Trangthai
MaBienLai,,Tenmau,NM,Gia,Phidieuche,Phivanchuyen,Gionhap,Handung,Trangthai
MaBienLai,,Tenmau,NM,Gia,Phidieuche,Phivanchuyen,Gionhap,Handung,Trangthai
MaBienLai,,Tenmau,NM,Gia,Phidieuche,Phivanchuyen,Gionhap,Handung,Trangthai
MaBienLai,,Tenmau,NM,Gia,Phidieuche,Phivanchuyen,Gionhap,Handung,Trangthai
MaBienLai,,Tenmau,NM,Gia,Phidieuche,Phivanchuyen,Gionhap,Handung,Trangthai
MaBienLai,,Tenmau,NM,Gia,Phidieuche,Phivanchuyen,Gionhap,Handung,Trangthai
MaBienLai,,Tenmau,NM,Gia,Phidieuche,Phivanchuyen,Gionhap,Handung,Trangthai
MaBienLai,,Tenmau,NM,Gia,Phidieuche,Phivanchuyen,Gionhap,Handung,Trangthai
MaBienLai,,Tenmau,NM,Gia,Phidieuche,Phivanchuyen,Gionhap,Handung,Trangthai
MaBienLai,,Tenmau,NM,Gia,Phidieuche,Phivanchuyen,Gionhap,Handung,Trangthai
MaBienLai,,Tenmau,NM,Gia,Phidieuche,Phivanchuyen,Gionhap,Handung,Trangthai
MaBienLai,,Tenmau,NM,Gia,Phidieuche,Phivanchuyen,Gionhap,Handung,Trangthai
MaBienLai,,Tenmau,NM,Gia,Phidieuche,Phivanchuyen,Gionhap,Handung,Trangthai
MaBienLai,,Tenmau,NM,Gia,Phidieuche,Phivanchuyen,Gionhap,Handung,Trangthai
MaBienLai,,Tenmau,NM,Gia,Phidieuche,Phivanchuyen,Gionhap,Handung,Trangthai
MaBienLai,,Tenmau,NM,Gia,Phidieuche,Phivanchuyen,Gionhap,Handung,Trangthai
MaBienLai,,Tenmau,NM,Gia,Phidieuche,Phivanchuyen,Gionhap,Handung,Trangthai
MaBienLai,,Tenmau,NM,Gia,Phidieuche,Phivanchuyen,Gionhap,Handung,Trangthai
MaBienLai,,Tenmau,NM,Gia,Phidieuche,Phivanchuyen,Gionhap,Handung,Trangthai
MaBienLai,,Tenmau,NM,Gia,Phidieuche,Phivanchuyen,Gionhap,Handung,Trangthai
MaBienLai,,Tenmau,NM,Gia,Phidieuche,Phivanchuyen,Gionhap,Handung,Trangthai
MaBienLai,,Tenmau,NM,Gia,Phidieuche,Phivanchuyen,Gionhap,Handung,Trangthai
MaBienLai,,Tenmau,NM,Gia,Phidieuche,Phivanchuyen,Gionhap,Handung,Trangthai
MaBienLai,,Tenmau,NM,Gia,Phidieuche,Phivanchuyen,Gionhap,Handung,Trangthai
MaBienLai,,Tenmau,NM,Gia,Phidieuche,Phivanchuyen,Gionhap,Handung,Trangthai
MaBienLai,,Tenmau,NM,Gia,Phidieuche,Phivanchuyen,Gionhap,Handung,Trangthai
MaBienLai,,Tenmau,NM,Gia,Phidieuche,Phivanchuyen,Gionhap,Handung,Trangthai
MaBienLai,,Tenmau,NM,Gia,Phidieuche,Phivanchuyen,Gionhap,Handung,Trangthai
MaBienLai,,Tenmau,NM,Gia,Phidieuche,Phivanchuyen,Gionhap,Handung,Trangthai
MaBienLai,,Tenmau,NM,Gia,Phidieuche,Phivanchuyen,Gionhap,Handung,Trangthai
MaBienLai,,Tenmau,NM,Gia,Phidieuche,Phivanchuyen,Gionhap,Handung,Trangthai
MaBienLai,,Tenmau,NM,Gia,Phidieuche,Phivanchuyen,Gionhap,Handung,Trangthai
MaBienLai,,Tenmau,NM,Gia,Phidieuche,Phivanchuyen,Gionhap,Handung,Trangthai
MaBienLai,,Tenmau,NM,Gia,Phidieuche,Phivanchuyen,Gionhap,Handung,Trangthai
MaBienLai,,Tenmau,NM,Gia,Phidieuche,Phivanchuyen,Gionhap,Handung,Trangthai
MaBienLai,,Tenmau,NM,Gia,Phidieuche,Phivanchuyen,Gionhap,Handung,Trangthai
MaBienLai,,Tenmau,NM,Gia,Phidieuche,Phivanchuyen,Gionhap,Handung,Trangthai
MaBienLai,,Tenmau,NM,Gia,Phidieuche,Phivanchuyen,Gionhap,Handung,Trangthai
MaBienLai,,Tenmau,NM,Gia,Phidieuche,Phivanchuyen,Gionhap,Handung,Trangthai
MaBienLai,,Tenmau,NM,Gia,Phidieuche,Phivanchuyen,Gionhap,Handung,Trangthai
MaBienLai,,Tenmau,NM,Gia,Phidieuche,Phivanchuyen,Gionhap,Handung,Trangthai
MaBienLai,,Tenmau,NM,Gia,Phidieuche,Phivanchuyen,Gionhap,Handung,Trangthai
MaBienLai,,Tenmau,NM,Gia,Phidieuche,Phivanchuyen,Gionhap,Handung,Trangthai
MaBienLai,,Tenmau,NM,Gia,Phidieuche,Phivanchuyen,Gionhap,Handung,Trangthai
MaBienLai,,Tenmau,NM,Gia,Phidieuche,Phivanchuyen,Gionhap,Handung,Trangthai
MaBienLai,,Tenmau,NM,Gia,Phidieuche,Phivanchuyen,Gionhap,Handung,Trangthai
MaBienLai,,Tenmau,NM,Gia,Phidieuche,Phivanchuyen,Gionhap,Handung,Trangthai
MaBienLai,,Tenmau,NM,Gia,Phidieuche,Phivanchuyen,Gionhap,Handung,Trangthai
MaBienLai,,Tenmau,NM,Gia,Phidieuche,Phivanchuyen,Gionhap,Handung,Trangthai
MaBienLai,,Tenmau,NM,Gia,Phidieuche,Phivanchuyen,Gionhap,Handung,Trangthai
MaBienLai,,Tenmau,NM,Gia,Phidieuche,Phivanchuyen,Gionhap,Handung,Trangthai
MaBienLai,,Tenmau,NM,Gia,Phidieuche,Phivanchuyen,Gionhap,Handung,Trangthai
MaBienLai,,Tenmau,NM,Gia,Phidieuche,Phivanchuyen,Gionhap,Handung,Trangthai
MaBienLai,,Tenmau,NM,Gia,Phidieuche,Phivanchuyen,Gionhap,Handung,Trangthai
MaBienLai,,Tenmau,NM,Gia,Phidieuche,Phivanchuyen,Gionhap,Handung,Trangthai
MaBienLai,,Tenmau,NM,Gia,Phidieuche,Phivanchuyen,Gionhap,Handung,Trangthai
MaBienLai,,Tenmau,NM,Gia,Phidieuche,Phivanchuyen,Gionhap,Handung,Trangthai
MaBienLai,,Tenmau,NM,Gia,Phidieuche,Phivanchuyen,Gionhap,Handung,Trangthai
MaBienLai,,Tenmau,NM,Gia,Phidieuche,Phivanchuyen,Gionhap,Handung,Trangthai
MaBienLai,,Tenmau,NM,Gia,Phidieuche,Phivanchuyen,Gionhap,Handung,Trangthai
MaBienLai,,Tenmau,NM,Gia,Phidieuche,Phivanchuyen,Gionhap,Handung,Trangthai
MaBienLai,,Tenmau,NM,Gia,Phidieuche,Phivanchuyen,Gionhap,Handung,Trangthai
MaBienLai,,Tenmau,NM,Gia,Phidieuche,Phivanchuyen,Gionhap,Handung,Trangthai
MaBienLai,,Tenmau,NM,Gia,Phidieuche,Phivanchuyen,Gionhap,Handung,Trangthai
MaBienLai,,Tenmau,NM,Gia,Phidieuche,Phivanchuyen,Gionhap,Handung,Trangthai
MaBienLai,,Tenmau,NM,Gia,Phidieuche,Phivanchuyen,Gionhap,Handung,Trangthai
MaBienLai,,Tenmau,NM,Gia,Phidieuche,Phivanchuyen,Gionhap,Handung,Trangthai
MaBienLai,,Tenmau,NM,Gia,Phidieuche,Phivanchuyen,Gionhap,Handung,Trangthai
MaBienLai,,Tenmau,NM,Gia,Phidieuche,Phivanchuyen,Gionhap,Handung,Trangthai
MaBienLai,,Tenmau,NM,Gia,Phidieuche,Phivanchuyen,Gionhap,Handung,Trangthai
MaBienLai,,Tenmau,NM,Gia,Phidieuche,Phivanchuyen,Gionhap,Handung,Trangthai
MaBienLai,,Tenmau,NM,Gia,Phidieuche,Phivanchuyen,Gionhap,Handung,Trangthai
MaBienLai,,Tenmau,NM,Gia,Phidieuche,Phivanchuyen,Gionhap,Handung,Trangthai
MaBienLai,,Tenmau,NM,Gia,Phidieuche,Phivanchuyen,Gionhap,Handung,Trangthai
MaBienLai,,Tenmau,NM,Gia,Phidieuche,Phivanchuyen,Gionhap,Handung,Trangthai
MaBienLai,,Tenmau,NM,Gia,Phidieuche,Phivanchuyen,Gionhap,Handung,Trangthai
MaBienLai,,Tenmau,NM,Gia,Phidieuche,Phivanchuyen,Gionhap,Handung,Trangthai
MaBienLai,,Tenmau,NM,Gia,Phidieuche,Phivanchuyen,Gionhap,Handung,Trangthai
MaBienLai,,Tenmau,NM,Gia,Phidieuche,Phivanchuyen,Gionhap,Handung,Trangthai
MaBienLai,,Tenmau,NM,Gia,Phidieuche,Phivanchuyen,Gionhap,Handung,Trangthai
MaBienLai,,Tenmau,NM,Gia,Phidieuche,Phivanchuyen,Gionhap,Handung,Trangthai
MaBienLai,,Tenmau,NM,Gia,Phidieuche,Phivanchuyen,Gionhap,Handung,Trangthai
MaBienLai,,Tenmau,NM,Gia,Phidieuche,Phivanchuyen,Gionhap,Handung,Trangthai
MaBienLai,,Tenmau,NM,Gia,Phidieuche,Phivanchuyen,Gionhap,Handung,Trangthai
MaBienLai,,Tenmau,NM,Gia,Phidieuche,Phivanchuyen,Gionhap,Handung,Trangthai
MaBienLai,,Tenmau,NM,Gia,Phidieuche,Phivanchuyen,Gionhap,Handung,Trangthai
MaBienLai,,Tenmau,NM,Gia,Phidieuche,Phivanchuyen,Gionhap,Handung,Trangthai
MaBienLai,,Tenmau,NM,Gia,Phidieuche,Phivanchuyen,Gionhap,Handung,Trangthai
MaBienLai,,Tenmau,NM,Gia,Phidieuche,Phivanchuyen,Gionhap,Handung,Trangthai
MaBienLai,,Tenmau,NM,Gia,Phidieuche,Phivanchuyen,Gionhap,Handung,Trangthai
MaBienLai,,Tenmau,NM,Gia,Phidieuche,Phivanchuyen,Gionhap,Handung,Trangthai
MaBienLai,,Tenmau,NM,Gia,Phidieuche,Phivanchuyen,Gionhap,Handung,Trangthai
MaBienLai,,Tenmau,NM,Gia,Phidieuche,Phivanchuyen,Gionhap,Handung,Trangthai
MaBienLai,,Tenmau,NM,Gia,Phidieuche,Phivanchuyen,Gionhap,Handung,Trangthai
MaBienLai,,Tenmau,NM,Gia,Phidieuche,Phivanchuyen,Gionhap,Handung,Trangthai
MaBienLai,,Tenmau,NM,Gia,Phidieuche,Phivanchuyen,Gionhap,Handung,Trangthai
MaBienLai,,Tenmau,NM,Gia,Phidieuche,Phivanchuyen,Gionhap,Handung,Trangthai
MaBienLai,,Tenmau,NM,Gia,Phidieuche,Phivanchuyen,Gionhap,Handung,Trangthai
MaBienLai,,Tenmau,NM,Gia,Phidieuche,Phivanchuyen,Gionhap,Handung,Trangthai
MaBienLai,,Tenmau,NM,Gia,Phidieuche,Phivanchuyen,Gionhap,Handung,Trangthai
MaBienLai,,Tenmau,NM,Gia,Phidieuche,Phivanchuyen,Gionhap,Handung,Trangthai
MaBienLai,,Tenmau,NM,Gia,Phidieuche,Phivanchuyen,Gionhap,Handung,Trangthai
MaBienLai,,Tenmau,NM,Gia,Phidieuche,Phivanchuyen,Gionhap,Handung,Trangthai
MaBienLai,,Tenmau,NM,Gia,Phidieuche,Phivanchuyen,Gionhap,Handung,Trangthai
MaBienLai,,Tenmau,NM,Gia,Phidieuche,Phivanchuyen,Gionhap,Handung,Trangthai
MaBienLai,,Tenmau,NM,Gia,Phidieuche,Phivanchuyen,Gionhap,Handung,Trangthai
MaBienLai,,Tenmau,NM,Gia,Phidieuche,Phivanchuyen,Gionhap,Handung,Trangthai
MaBienLai,,Tenmau,NM,Gia,Phidieuche,Phivanchuyen,Gionhap,Handung,Trangthai
MaBienLai,,Tenmau,NM,Gia,Phidieuche,Phivanchuyen,Gionhap,Handung,Trangthai
MaBienLai,,Tenmau,NM,Gia,Phidieuche,Phivanchuyen,Gionhap,Handung,Trangthai
MaBienLai,,Tenmau,NM,Gia,Phidieuche,Phivanchuyen,Gionhap,Handung,Trangthai
MaBienLai,,Tenmau,NM,Gia,Phidieuche,Phivanchuyen,Gionhap,Handung,Trangthai
MaBienLai,,Tenmau,NM,Gia,Phidieuche,Phivanchuyen,Gionhap,Handung,Trangthai
MaBienLai,,Tenmau,NM,Gia,Phidieuche,Phivanchuyen,Gionhap,Handung,Trangthai
MaBienLai,,Tenmau,NM,Gia,Phidieuche,Phivanchuyen,Gionhap,Handung,Trangthai
MaBienLai,,Tenmau,NM,Gia,Phidieuche,Phivanchuyen,Gionhap,Handung,Trangthai
MaBienLai,,Tenmau,NM,Gia,Phidieuche,Phivanchuyen,Gionhap,Handung,Trangthai
MaBienLai,,Tenmau,NM,Gia,Phidieuche,Phivanchuyen,Gionhap,Handung,Trangthai
MaBienLai,,Tenmau,NM,Gia,Phidieuche,Phivanchuyen,Gionhap,Handung,Trangthai
MaBienLai,,Tenmau,NM,Gia,Phidieuche,Phivanchuyen,Gionhap,Handung,Trangthai
MaBienLai,,Tenmau,NM,Gia,Phidieuche,Phivanchuyen,Gionhap,Handung,Trangthai
MaBienLai,,Tenmau,NM,Gia,Phidieuche,Phivanchuyen,Gionhap,Handung,Trangthai
MaBienLai,,Tenmau,NM,Gia,Phidieuche,Phivanchuyen,Gionhap,Handung,Trangthai
MaBienLai,,Tenmau,NM,Gia,Phidieuche,Phivanchuyen,Gionhap,Handung,Trangthai
MaBienLai,,Tenmau,NM,Gia,Phidieuche,Phivanchuyen,Gionhap,Handung,Trangthai
MaBienLai,,Tenmau,NM,Gia,Phidieuche,Phivanchuyen,Gionhap,Handung,Trangthai
MaBienLai,,Tenmau,NM,Gia,Phidieuche,Phivanchuyen,Gionhap,Handung,Trangthai
MaBienLai,,Tenmau,NM,Gia,Phidieuche,Phivanchuyen,Gionhap,Handung,Trangthai
MaBienLai,,Tenmau,NM,Gia,Phidieuche,Phivanchuyen,Gionhap,Handung,Trangthai
MaBienLai,,Tenmau,NM,Gia,Phidieuche,Phivanchuyen,Gionhap,Handung,Trangthai
MaBienLai,,Tenmau,NM,Gia,Phidieuche,Phivanchuyen,Gionhap,Handung,Trangthai
MaBienLai,,Tenmau,NM,Gia,Phidieuche,Phivanchuyen,Gionhap,Handung,Trangthai
MaBienLai,,Tenmau,NM,Gia,Phidieuche,Phivanchuyen,Gionhap,Handung,Trangthai
MaBienLai,,Tenmau,NM,Gia,Phidieuche,Phivanchuyen,Gionhap,Handung,Trangthai
MaBienLai,,Tenmau,NM,Gia,Phidieuche,Phivanchuyen,Gionhap,Handung,Trangthai
MaBienLai,,Tenmau,NM,Gia,Phidieuche,Phivanchuyen,Gionhap,Handung,Trangthai
MaBienLai,,Tenmau,NM,Gia,Phidieuche,Phivanchuyen,Gionhap,Handung,Trangthai
MaBienLai,,Tenmau,NM,Gia,Phidieuche,Phivanchuyen,Gionhap,Handung,Trangthai
MaBienLai,,Tenmau,NM,Gia,Phidieuche,Phivanchuyen,Gionhap,Handung,Trangthai
MaBienLai,,Tenmau,NM,Gia,Phidieuche,Phivanchuyen,Gionhap,Handung,Trangthai
MaBienLai,,Tenmau,NM,Gia,Phidieuche,Phivanchuyen,Gionhap,Handung,Trangthai
MaBienLai,,Tenmau,NM,Gia,Phidieuche,Phivanchuyen,Gionhap,Handung,Trangthai
MaBienLai,,Tenmau,NM,Gia,Phidieuche,Phivanchuyen,Gionhap,Handung,Trangthai
MaBienLai,,Tenmau,NM,Gia,Phidieuche,Phivanchuyen,Gionhap,Handung,Trangthai
MaBienLai,,Tenmau,NM,Gia,Phidieuche,Phivanchuyen,Gionhap,Handung,Trangthai
MaBienLai,,Tenmau,NM,Gia,Phidieuche,Phivanchuyen,Gionhap,Handung,Trangthai
MaBienLai,,Tenmau,NM,Gia,Phidieuche,Phivanchuyen,Gionhap,Handung,Trangthai
MaBienLai,,Tenmau,NM,Gia,Phidieuche,Phivanchuyen,Gionhap,Handung,Trangthai
MaBienLai,,Tenmau,NM,Gia,Phidieuche,Phivanchuyen,Gionhap,Handung,Trangthai
MaBienLai,,Tenmau,NM,Gia,Phidieuche,Phivanchuyen,Gionhap,Handung,Trangthai
MaBienLai,,Tenmau,NM,Gia,Phidieuche,Phivanchuyen,Gionhap,Handung,Trangthai
MaBienLai,,Tenmau,NM,Gia,Phidieuche,Phivanchuyen,Gionhap,Handung,Trangthai
MaBienLai,,Tenmau,NM,Gia,Phidieuche,Phivanchuyen,Gionhap,Handung,Trangthai
MaBienLai,,Tenmau,NM,Gia,Phidieuche,Phivanchuyen,Gionhap,Handung,Trangthai
MaBienLai,,Tenmau,NM,Gia,Phidieuche,Phivanchuyen,Gionhap,Handung,Trangthai
MaBienLai,,Tenmau,NM,Gia,Phidieuche,Phivanchuyen,Gionhap,Handung,Trangthai
MaBienLai,,Tenmau,NM,Gia,Phidieuche,Phivanchuyen,Gionhap,Handung,Trangthai
MaBienLai,,Tenmau,NM,Gia,Phidieuche,Phivanchuyen,Gionhap,Handung,Trangthai
MaBienLai,,Tenmau,NM,Gia,Phidieuche,Phivanchuyen,Gionhap,Handung,Trangthai
MaBienLai,,Tenmau,NM,Gia,Phidieuche,Phivanchuyen,Gionhap,Handung,Trangthai
MaBienLai,,Tenmau,NM,Gia,Phidieuche,Phivanchuyen,Gionhap,Handung,Trangthai
MaBienLai,,Tenmau,NM,Gia,Phidieuche,Phivanchuyen,Gionhap,Handung,Trangthai
MaBienLai,,Tenmau,NM,Gia,Phidieuche,Phivanchuyen,Gionhap,Handung,Trangthai
MaBienLai,,Tenmau,NM,Gia,Phidieuche,Phivanchuyen,Gionhap,Handung,Trangthai
MaBienLai,,Tenmau,NM,Gia,Phidieuche,Phivanchuyen,Gionhap,Handung,Trangthai
MaBienLai,,Tenmau,NM,Gia,Phidieuche,Phivanchuyen,Gionhap,Handung,Trangthai
MaBienLai,,Tenmau,NM,Gia,Phidieuche,Phivanchuyen,Gionhap,Handung,Trangthai
MaBienLai,,Tenmau,NM,Gia,Phidieuche,Phivanchuyen,Gionhap,Handung,Trangthai
MaBienLai,,Tenmau,NM,Gia,Phidieuche,Phivanchuyen,Gionhap,Handung,Trangthai
MaBienLai,,Tenmau,NM,Gia,Phidieuche,Phivanchuyen,Gionhap,Handung,Trangthai
MaBienLai,,Tenmau,NM,Gia,Phidieuche,Phivanchuyen,Gionhap,Handung,Trangthai
MaBienLai,,Tenmau,NM,Gia,Phidieuche,Phivanchuyen,Gionhap,Handung,Trangthai
MaBienLai,,Tenmau,NM,Gia,Phidieuche,Phivanchuyen,Gionhap,Handung,Trangthai
MaBienLai,,Tenmau,NM,Gia,Phidieuche,Phivanchuyen,Gionhap,Handung,Trangthai
MaBienLai,,Tenmau,NM,Gia,Phidieuche,Phivanchuyen,Gionhap,Handung,Trangthai
MaBienLai,,Tenmau,NM,Gia,Phidieuche,Phivanchuyen,Gionhap,Handung,Trangthai
MaBienLai,,Tenmau,NM,Gia,Phidieuche,Phivanchuyen,Gionhap,Handung,Trangthai
MaBienLai,,Tenmau,NM,Gia,Phidieuche,Phivanchuyen,Gionhap,Handung,Trangthai
MaBienLai,,Tenmau,NM,Gia,Phidieuche,Phivanchuyen,Gionhap,Handung,Trangthai
MaBienLai,,Tenmau,NM,Gia,Phidieuche,Phivanchuyen,Gionhap,Handung,Trangthai
MaBienLai,,Tenmau,NM,Gia,Phidieuche,Phivanchuyen,Gionhap,Handung,Trangthai
MaBienLai,,Tenmau,NM,Gia,Phidieuche,Phivanchuyen,Gionhap,Handung,Trangthai
MaBienLai,,Tenmau,NM,Gia,Phidieuche,Phivanchuyen,Gionhap,Handung,Trangthai
MaBienLai,,Tenmau,NM,Gia,Phidieuche,Phivanchuyen,Gionhap,Handung,Trangthai
MaBienLai,,Tenmau,NM,Gia,Phidieuche,Phivanchuyen,Gionhap,Handung,Trangthai
MaBienLai,,Tenmau,NM,Gia,Phidieuche,Phivanchuyen,Gionhap,Handung,Trangthai
MaBienLai,,Tenmau,NM,Gia,Phidieuche,Phivanchuyen,Gionhap,Handung,Trangthai
MaBienLai,,Tenmau,NM,Gia,Phidieuche,Phivanchuyen,Gionhap,Handung,Trangthai
MaBienLai,,Tenmau,NM,Gia,Phidieuche,Phivanchuyen,Gionhap,Handung,Trangthai
MaBienLai,,Tenmau,NM,Gia,Phidieuche,Phivanchuyen,Gionhap,Handung,Trangthai
MaBienLai,,Tenmau,NM,Gia,Phidieuche,Phivanchuyen,Gionhap,Handung,Trangthai
MaBienLai,,Tenmau,NM,Gia,Phidieuche,Phivanchuyen,Gionhap,Handung,Trangthai
MaBienLai,,Tenmau,NM,Gia,Phidieuche,Phivanchuyen,Gionhap,Handung,Trangthai
MaBienLai,,Tenmau,NM,Gia,Phidieuche,Phivanchuyen,Gionhap,Handung,Trangthai
MaBienLai,,Tenmau,NM,Gia,Phidieuche,Phivanchuyen,Gionhap,Handung,Trangthai
MaBienLai,,Tenmau,NM,Gia,Phidieuche,Phivanchuyen,Gionhap,Handung,Trangthai
MaBienLai,,Tenmau,NM,Gia,Phidieuche,Phivanchuyen,Gionhap,Handung,Trangthai
MaBienLai,,Tenmau,NM,Gia,Phidieuche,Phivanchuyen,Gionhap,Handung,Trangthai
MaBienLai,,Tenmau,NM,Gia,Phidieuche,Phivanchuyen,Gionhap,Handung,Trangthai
MaBienLai,,Tenmau,NM,Gia,Phidieuche,Phivanchuyen,Gionhap,Handung,Trangthai
MaBienLai,,Tenmau,NM,Gia,Phidieuche,Phivanchuyen,Gionhap,Handung,Trangthai
MaBienLai,,Tenmau,NM,Gia,Phidieuche,Phivanchuyen,Gionhap,Handung,Trangthai
MaBienLai,,Tenmau,NM,Gia,Phidieuche,Phivanchuyen,Gionhap,Handung,Trangthai
MaBienLai,,Tenmau,NM,Gia,Phidieuche,Phivanchuyen,Gionhap,Handung,Trangthai
MaBienLai,,Tenmau,NM,Gia,Phidieuche,Phivanchuyen,Gionhap,Handung,Trangthai
MaBienLai,,Tenmau,NM,Gia,Phidieuche,Phivanchuyen,Gionhap,Handung,Trangthai
MaBienLai,,Tenmau,NM,Gia,Phidieuche,Phivanchuyen,Gionhap,Handung,Trangthai
MaBienLai,,Tenmau,NM,Gia,Phidieuche,Phivanchuyen,Gionhap,Handung,Trangthai
MaBienLai,,Tenmau,NM,Gia,Phidieuche,Phivanchuyen,Gionhap,Handung,Trangthai
MaBienLai,,Tenmau,NM,Gia,Phidieuche,Phivanchuyen,Gionhap,Handung,Trangthai
MaBienLai,,Tenmau,NM,Gia,Phidieuche,Phivanchuyen,Gionhap,Handung,Trangthai
MaBienLai,,Tenmau,NM,Gia,Phidieuche,Phivanchuyen,Gionhap,Handung,Trangthai
MaBienLai,,Tenmau,NM,Gia,Phidieuche,Phivanchuyen,Gionhap,Handung,Trangthai
MaBienLai,,Tenmau,NM,Gia,Phidieuche,Phivanchuyen,Gionhap,Handung,Trangthai
MaBienLai,,Tenmau,NM,Gia,Phidieuche,Phivanchuyen,Gionhap,Handung,Trangthai
MaBienLai,,Tenmau,NM,Gia,Phidieuche,Phivanchuyen,Gionhap,Handung,Trangthai
MaBienLai,,Tenmau,NM,Gia,Phidieuche,Phivanchuyen,Gionhap,Handung,Trangthai
MaBienLai,,Tenmau,NM,Gia,Phidieuche,Phivanchuyen,Gionhap,Handung,Trangthai
MaBienLai,,Tenmau,NM,Gia,Phidieuche,Phivanchuyen,Gionhap,Handung,Trangthai
MaBienLai,,Tenmau,NM,Gia,Phidieuche,Phivanchuyen,Gionhap,Handung,Trangthai
MaBienLai,,Tenmau,NM,Gia,Phidieuche,Phivanchuyen,Gionhap,Handung,Trangthai
MaBienLai,,Tenmau,NM,Gia,Phidieuche,Phivanchuyen,Gionhap,Handung,Trangthai
MaBienLai,,Tenmau,NM,Gia,Phidieuche,Phivanchuyen,Gionhap,Handung,Trangthai
MaBienLai,,Tenmau,NM,Gia,Phidieuche,Phivanchuyen,Gionhap,Handung,Trangthai
MaBienLai,,Tenmau,NM,Gia,Phidieuche,Phivanchuyen,Gionhap,Handung,Trangthai
MaBienLai,,Tenmau,NM,Gia,Phidieuche,Phivanchuyen,Gionhap,Handung,Trangthai
MaBienLai,,Tenmau,NM,Gia,Phidieuche,Phivanchuyen,Gionhap,Handung,Trangthai
MaBienLai,,Tenmau,NM,Gia,Phidieuche,Phivanchuyen,Gionhap,Handung,Trangthai
MaBienLai,,Tenmau,NM,Gia,Phidieuche,Phivanchuyen,Gionhap,Handung,Trangthai
MaBienLai,,Tenmau,NM,Gia,Phidieuche,Phivanchuyen,Gionhap,Handung,Trangthai
MaBienLai,,Tenmau,NM,Gia,Phidieuche,Phivanchuyen,Gionhap,Handung,Trangthai
MaBienLai,,Tenmau,NM,Gia,Phidieuche,Phivanchuyen,Gionhap,Handung,Trangthai
MaBienLai,,Tenmau,NM,Gia,Phidieuche,Phivanchuyen,Gionhap,Handung,Trangthai
MaBienLai,,Tenmau,NM,Gia,Phidieuche,Phivanchuyen,Gionhap,Handung,Trangthai
MaBienLai,,Tenmau,NM,Gia,Phidieuche,Phivanchuyen,Gionhap,Handung,Trangthai
MaBienLai,,Tenmau,NM,Gia,Phidieuche,Phivanchuyen,Gionhap,Handung,Trangthai
MaBienLai,,Tenmau,NM,Gia,Phidieuche,Phivanchuyen,Gionhap,Handung,Trangthai
MaBienLai,,Tenmau,NM,Gia,Phidieuche,Phivanchuyen,Gionhap,Handung,Trangthai
MaBienLai,,Tenmau,NM,Gia,Phidieuche,Phivanchuyen,Gionhap,Handung,Trangthai
MaBienLai,,Tenmau,NM,Gia,Phidieuche,Phivanchuyen,Gionhap,Handung,Trangthai
MaBienLai,,Tenmau,NM,Gia,Phidieuche,Phivanchuyen,Gionhap,Handung,Trangthai
MaBienLai,,Tenmau,NM,Gia,Phidieuche,Phivanchuyen,Gionhap,Handung,Trangthai
MaBienLai,,Tenmau,NM,Gia,Phidieuche,Phivanchuyen,Gionhap,Handung,Trangthai
MaBienLai,,Tenmau,NM,Gia,Phidieuche,Phivanchuyen,Gionhap,Handung,Trangthai
MaBienLai,,Tenmau,NM,Gia,Phidieuche,Phivanchuyen,Gionhap,Handung,Trangthai
MaBienLai,,Tenmau,NM,Gia,Phidieuche,Phivanchuyen,Gionhap,Handung,Trangthai
MaBienLai,,Tenmau,NM,Gia,Phidieuche,Phivanchuyen,Gionhap,Handung,Trangthai
MaBienLai,,Tenmau,NM,Gia,Phidieuche,Phivanchuyen,Gionhap,Handung,Trangthai
MaBienLai,,Tenmau,NM,Gia,Phidieuche,Phivanchuyen,Gionhap,Handung,Trangthai
MaBienLai,,Tenmau,NM,Gia,Phidieuche,Phivanchuyen,Gionhap,Handung,Trangthai
MaBienLai,,Tenmau,NM,Gia,Phidieuche,Phivanchuyen,Gionhap,Handung,Trangthai
MaBienLai,,Tenmau,NM,Gia,Phidieuche,Phivanchuyen,Gionhap,Handung,Trangthai
MaBienLai,,Tenmau,NM,Gia,Phidieuche,Phivanchuyen,Gionhap,Handung,Trangthai
MaBienLai,,Tenmau,NM,Gia,Phidieuche,Phivanchuyen,Gionhap,Handung,Trangthai
MaBienLai,,Tenmau,NM,Gia,Phidieuche,Phivanchuyen,Gionhap,Handung,Trangthai
MaBienLai,,Tenmau,NM,Gia,Phidieuche,Phivanchuyen,Gionhap,Handung,Trangthai
MaBienLai,,Tenmau,NM,Gia,Phidieuche,Phivanchuyen,Gionhap,Handung,Trangthai
MaBienLai,,Tenmau,NM,Gia,Phidieuche,Phivanchuyen,Gionhap,Handung,Trangthai
MaBienLai,,Tenmau,NM,Gia,Phidieuche,Phivanchuyen,Gionhap,Handung,Trangthai
MaBienLai,,Tenmau,NM,Gia,Phidieuche,Phivanchuyen,Gionhap,Handung,Trangthai
MaBienLai,,Tenmau,NM,Gia,Phidieuche,Phivanchuyen,Gionhap,Handung,Trangthai
MaBienLai,,Tenmau,NM,Gia,Phidieuche,Phivanchuyen,Gionhap,Handung,Trangthai
MaBienLai,,Tenmau,NM,Gia,Phidieuche,Phivanchuyen,Gionhap,Handung,Trangthai
MaBienLai,,Tenmau,NM,Gia,Phidieuche,Phivanchuyen,Gionhap,Handung,Trangthai
MaBienLai,,Tenmau,NM,Gia,Phidieuche,Phivanchuyen,Gionhap,Handung,Trangthai
MaBienLai,,Tenmau,NM,Gia,Phidieuche,Phivanchuyen,Gionhap,Handung,Trangthai
MaBienLai,,Tenmau,NM,Gia,Phidieuche,Phivanchuyen,Gionhap,Handung,Trangthai
MaBienLai,,Tenmau,NM,Gia,Phidieuche,Phivanchuyen,Gionhap,Handung,Trangthai
MaBienLai,,Tenmau,NM,Gia,Phidieuche,Phivanchuyen,Gionhap,Handung,Trangthai
MaBienLai,,Tenmau,NM,Gia,Phidieuche,Phivanchuyen,Gionhap,Handung,Trangthai
MaBienLai,,Tenmau,NM,Gia,Phidieuche,Phivanchuyen,Gionhap,Handung,Trangthai
MaBienLai,,Tenmau,NM,Gia,Phidieuche,Phivanchuyen,Gionhap,Handung,Trangthai
MaBienLai,,Tenmau,NM,Gia,Phidieuche,Phivanchuyen,Gionhap,Handung,Trangthai
MaBienLai,,Tenmau,NM,Gia,Phidieuche,Phivanchuyen,Gionhap,Handung,Trangthai
MaBienLai,,Tenmau,NM,Gia,Phidieuche,Phivanchuyen,Gionhap,Handung,Trangthai
MaBienLai,,Tenmau,NM,Gia,Phidieuche,Phivanchuyen,Gionhap,Handung,Trangthai
MaBienLai,,Tenmau,NM,Gia,Phidieuche,Phivanchuyen,Gionhap,Handung,Trangthai
MaBienLai,,Tenmau,NM,Gia,Phidieuche,Phivanchuyen,Gionhap,Handung,Trangthai
MaBienLai,,Tenmau,NM,Gia,Phidieuche,Phivanchuyen,Gionhap,Handung,Trangthai
MaBienLai,,Tenmau,NM,Gia,Phidieuche,Phivanchuyen,Gionhap,Handung,Trangthai
MaBienLai,,Tenmau,NM,Gia,Phidieuche,Phivanchuyen,Gionhap,Handung,Trangthai
MaBienLai,,Tenmau,NM,Gia,Phidieuche,Phivanchuyen,Gionhap,Handung,Trangthai
MaBienLai,,Tenmau,NM,Gia,Phidieuche,Phivanchuyen,Gionhap,Handung,Trangthai
MaBienLai,,Tenmau,NM,Gia,Phidieuche,Phivanchuyen,Gionhap,Handung,Trangthai
MaBienLai,,Tenmau,NM,Gia,Phidieuche,Phivanchuyen,Gionhap,Handung,Trangthai
MaBienLai,,Tenmau,NM,Gia,Phidieuche,Phivanchuyen,Gionhap,Handung,Trangthai
MaBienLai,,Tenmau,NM,Gia,Phidieuche,Phivanchuyen,Gionhap,Handung,Trangthai
MaBienLai,,Tenmau,NM,Gia,Phidieuche,Phivanchuyen,Gionhap,Handung,Trangthai
MaBienLai,,Tenmau,NM,Gia,Phidieuche,Phivanchuyen,Gionhap,Handung,Trangthai
MaBienLai,,Tenmau,NM,Gia,Phidieuche,Phivanchuyen,Gionhap,Handung,Trangthai
MaBienLai,,Tenmau,NM,Gia,Phidieuche,Phivanchuyen,Gionhap,Handung,Trangthai
MaBienLai,,Tenmau,NM,Gia,Phidieuche,Phivanchuyen,Gionhap,Handung,Trangthai
MaBienLai,,Tenmau,NM,Gia,Phidieuche,Phivanchuyen,Gionhap,Handung,Trangthai
MaBienLai,,Tenmau,NM,Gia,Phidieuche,Phivanchuyen,Gionhap,Handung,Trangthai
MaBienLai,,Tenmau,NM,Gia,Phidieuche,Phivanchuyen,Gionhap,Handung,Trangthai
MaBienLai,,Tenmau,NM,Gia,Phidieuche,Phivanchuyen,Gionhap,Handung,Trangthai
MaBienLai,,Tenmau,NM,Gia,Phidieuche,Phivanchuyen,Gionhap,Handung,Trangthai
MaBienLai,,Tenmau,NM,Gia,Phidieuche,Phivanchuyen,Gionhap,Handung,Trangthai
MaBienLai,,Tenmau,NM,Gia,Phidieuche,Phivanchuyen,Gionhap,Handung,Trangthai
MaBienLai,,Tenmau,NM,Gia,Phidieuche,Phivanchuyen,Gionhap,Handung,Trangthai
MaBienLai,,Tenmau,NM,Gia,Phidieuche,Phivanchuyen,Gionhap,Handung,Trangthai
MaBienLai,,Tenmau,NM,Gia,Phidieuche,Phivanchuyen,Gionhap,Handung,Trangthai
MaBienLai,,Tenmau,NM,Gia,Phidieuche,Phivanchuyen,Gionhap,Handung,Trangthai
MaBienLai,,Tenmau,NM,Gia,Phidieuche,Phivanchuyen,Gionhap,Handung,Trangthai
MaBienLai,,Tenmau,NM,Gia,Phidieuche,Phivanchuyen,Gionhap,Handung,Trangthai
MaBienLai,,Tenmau,NM,Gia,Phidieuche,Phivanchuyen,Gionhap,Handung,Trangthai
MaBienLai,,Tenmau,NM,Gia,Phidieuche,Phivanchuyen,Gionhap,Handung,Trangthai
MaBienLai,,Tenmau,NM,Gia,Phidieuche,Phivanchuyen,Gionhap,Handung,Trangthai
MaBienLai,,Tenmau,NM,Gia,Phidieuche,Phivanchuyen,Gionhap,Handung,Trangthai
MaBienLai,,Tenmau,NM,Gia,Phidieuche,Phivanchuyen,Gionhap,Handung,Trangthai
MaBienLai,,Tenmau,NM,Gia,Phidieuche,Phivanchuyen,Gionhap,Handung,Trangthai
MaBienLai,,Tenmau,NM,Gia,Phidieuche,Phivanchuyen,Gionhap,Handung,Trangthai
MaBienLai,,Tenmau,NM,Gia,Phidieuche,Phivanchuyen,Gionhap,Handung,Trangthai
MaBienLai,,Tenmau,NM,Gia,Phidieuche,Phivanchuyen,Gionhap,Handung,Trangthai
MaBienLai,,Tenmau,NM,Gia,Phidieuche,Phivanchuyen,Gionhap,Handung,Trangthai
MaBienLai,,Tenmau,NM,Gia,Phidieuche,Phivanchuyen,Gionhap,Handung,Trangthai
MaBienLai,,Tenmau,NM,Gia,Phidieuche,Phivanchuyen,Gionhap,Handung,Trangthai
MaBienLai,,Tenmau,NM,Gia,Phidieuche,Phivanchuyen,Gionhap,Handung,Trangthai
MaBienLai,,Tenmau,NM,Gia,Phidieuche,Phivanchuyen,Gionhap,Handung,Trangthai
MaBienLai,,Tenmau,NM,Gia,Phidieuche,Phivanchuyen,Gionhap,Handung,Trangthai
MaBienLai,,Tenmau,NM,Gia,Phidieuche,Phivanchuyen,Gionhap,Handung,Trangthai
MaBienLai,,Tenmau,NM,Gia,Phidieuche,Phivanchuyen,Gionhap,Handung,Trangthai
MaBienLai,,Tenmau,NM,Gia,Phidieuche,Phivanchuyen,Gionhap,Handung,Trangthai
MaBienLai,,Tenmau,NM,Gia,Phidieuche,Phivanchuyen,Gionhap,Handung,Trangthai
MaBienLai,,Tenmau,NM,Gia,Phidieuche,Phivanchuyen,Gionhap,Handung,Trangthai
MaBienLai,,Tenmau,NM,Gia,Phidieuche,Phivanchuyen,Gionhap,Handung,Trangthai
MaBienLai,,Tenmau,NM,Gia,Phidieuche,Phivanchuyen,Gionhap,Handung,Trangthai
MaBienLai,,Tenmau,NM,Gia,Phidieuche,Phivanchuyen,Gionhap,Handung,Trangthai
MaBienLai,,Tenmau,NM,Gia,Phidieuche,Phivanchuyen,Gionhap,Handung,Trangthai
MaBienLai,,Tenmau,NM,Gia,Phidieuche,Phivanchuyen,Gionhap,Handung,Trangthai
MaBienLai,,Tenmau,NM,Gia,Phidieuche,Phivanchuyen,Gionhap,Handung,Trangthai
MaBienLai,,Tenmau,NM,Gia,Phidieuche,Phivanchuyen,Gionhap,Handung,Trangthai
MaBienLai,,Tenmau,NM,Gia,Phidieuche,Phivanchuyen,Gionhap,Handung,Trangthai
MaBienLai,,Tenmau,NM,Gia,Phidieuche,Phivanchuyen,Gionhap,Handung,Trangthai
MaBienLai,,Tenmau,NM,Gia,Phidieuche,Phivanchuyen,Gionhap,Handung,Trangthai
MaBienLai,,Tenmau,NM,Gia,Phidieuche,Phivanchuyen,Gionhap,Handung,Trangthai
MaBienLai,,Tenmau,NM,Gia,Phidieuche,Phivanchuyen,Gionhap,Handung,Trangthai
MaBienLai,,Tenmau,NM,Gia,Phidieuche,Phivanchuyen,Gionhap,Handung,Trangthai
MaBienLai,,Tenmau,NM,Gia,Phidieuche,Phivanchuyen,Gionhap,Handung,Trangthai
MaBienLai,,Tenmau,NM,Gia,Phidieuche,Phivanchuyen,Gionhap,Handung,Trangthai
MaBienLai,,Tenmau,NM,Gia,Phidieuche,Phivanchuyen,Gionhap,Handung,Trangthai
MaBienLai,,Tenmau,NM,Gia,Phidieuche,Phivanchuyen,Gionhap,Handung,Trangthai
MaBienLai,,Tenmau,NM,Gia,Phidieuche,Phivanchuyen,Gionhap,Handung,Trangthai
MaBienLai,,Tenmau,NM,Gia,Phidieuche,Phivanchuyen,Gionhap,Handung,Trangthai
MaBienLai,,Tenmau,NM,Gia,Phidieuche,Phivanchuyen,Gionhap,Handung,Trangthai
MaBienLai,,Tenmau,NM,Gia,Phidieuche,Phivanchuyen,Gionhap,Handung,Trangthai
MaBienLai,,Tenmau,NM,Gia,Phidieuche,Phivanchuyen,Gionhap,Handung,Trangthai
MaBienLai,,Tenmau,NM,Gia,Phidieuche,Phivanchuyen,Gionhap,Handung,Trangthai
MaBienLai,,Tenmau,NM,Gia,Phidieuche,Phivanchuyen,Gionhap,Handung,Trangthai
MaBienLai,,Tenmau,NM,Gia,Phidieuche,Phivanchuyen,Gionhap,Handung,Trangthai
MaBienLai,,Tenmau,NM,Gia,Phidieuche,Phivanchuyen,Gionhap,Handung,Trangthai
MaBienLai,,Tenmau,NM,Gia,Phidieuche,Phivanchuyen,Gionhap,Handung,Trangthai
MaBienLai,,Tenmau,NM,Gia,Phidieuche,Phivanchuyen,Gionhap,Handung,Trangthai
MaBienLai,,Tenmau,NM,Gia,Phidieuche,Phivanchuyen,Gionhap,Handung,Trangthai
MaBienLai,,Tenmau,NM,Gia,Phidieuche,Phivanchuyen,Gionhap,Handung,Trangthai
MaBienLai,,Tenmau,NM,Gia,Phidieuche,Phivanchuyen,Gionhap,Handung,Trangthai
MaBienLai,,Tenmau,NM,Gia,Phidieuche,Phivanchuyen,Gionhap,Handung,Trangthai
MaBienLai,,Tenmau,NM,Gia,Phidieuche,Phivanchuyen,Gionhap,Handung,Trangthai
MaBienLai,,Tenmau,NM,Gia,Phidieuche,Phivanchuyen,Gionhap,Handung,Trangthai
MaBienLai,,Tenmau,NM,Gia,Phidieuche,Phivanchuyen,Gionhap,Handung,Trangthai
MaBienLai,,Tenmau,NM,Gia,Phidieuche,Phivanchuyen,Gionhap,Handung,Trangthai
MaBienLai,,Tenmau,NM,Gia,Phidieuche,Phivanchuyen,Gionhap,Handung,Trangthai
MaBienLai,,Tenmau,NM,Gia,Phidieuche,Phivanchuyen,Gionhap,Handung,Trangthai
MaBienLai,,Tenmau,NM,Gia,Phidieuche,Phivanchuyen,Gionhap,Handung,Trangthai
MaBienLai,,Tenmau,NM,Gia,Phidieuche,Phivanchuyen,Gionhap,Handung,Trangthai
MaBienLai,,Tenmau,NM,Gia,Phidieuche,Phivanchuyen,Gionhap,Handung,Trangthai
MaBienLai,,Tenmau,NM,Gia,Phidieuche,Phivanchuyen,Gionhap,Handung,Trangthai
MaBienLai,,Tenmau,NM,Gia,Phidieuche,Phivanchuyen,Gionhap,Handung,Trangthai
MaBienLai,,Tenmau,NM,Gia,Phidieuche,Phivanchuyen,Gionhap,Handung,Trangthai
MaBienLai,,Tenmau,NM,Gia,Phidieuche,Phivanchuyen,Gionhap,Handung,Trangthai
MaBienLai,,Tenmau,NM,Gia,Phidieuche,Phivanchuyen,Gionhap,Handung,Trangthai
MaBienLai,,Tenmau,NM,Gia,Phidieuche,Phivanchuyen,Gionhap,Handung,Trangthai
MaBienLai,,Tenmau,NM,Gia,Phidieuche,Phivanchuyen,Gionhap,Handung,Trangthai
MaBienLai,,Tenmau,NM,Gia,Phidieuche,Phivanchuyen,Gionhap,Handung,Trangthai
MaBienLai,,Tenmau,NM,Gia,Phidieuche,Phivanchuyen,Gionhap,Handung,Trangthai
MaBienLai,,Tenmau,NM,Gia,Phidieuche,Phivanchuyen,Gionhap,Handung,Trangthai
MaBienLai,,Tenmau,NM,Gia,Phidieuche,Phivanchuyen,Gionhap,Handung,Trangthai
MaBienLai,,Tenmau,NM,Gia,Phidieuche,Phivanchuyen,Gionhap,Handung,Trangthai
MaBienLai,,Tenmau,NM,Gia,Phidieuche,Phivanchuyen,Gionhap,Handung,Trangthai
MaBienLai,,Tenmau,NM,Gia,Phidieuche,Phivanchuyen,Gionhap,Handung,Trangthai
MaBienLai,,Tenmau,NM,Gia,Phidieuche,Phivanchuyen,Gionhap,Handung,Trangthai
MaBienLai,,Tenmau,NM,Gia,Phidieuche,Phivanchuyen,Gionhap,Handung,Trangthai
MaBienLai,,Tenmau,NM,Gia,Phidieuche,Phivanchuyen,Gionhap,Handung,Trangthai
MaBienLai,,Tenmau,NM,Gia,Phidieuche,Phivanchuyen,Gionhap,Handung,Trangthai
MaBienLai,,Tenmau,NM,Gia,Phidieuche,Phivanchuyen,Gionhap,Handung,Trangthai
MaBienLai,,Tenmau,NM,Gia,Phidieuche,Phivanchuyen,Gionhap,Handung,Trangthai
MaBienLai,,Tenmau,NM,Gia,Phidieuche,Phivanchuyen,Gionhap,Handung,Trangthai
MaBienLai,,Tenmau,NM,Gia,Phidieuche,Phivanchuyen,Gionhap,Handung,Trangthai
MaBienLai,,Tenmau,NM,Gia,Phidieuche,Phivanchuyen,Gionhap,Handung,Trangthai
MaBienLai,,Tenmau,NM,Gia,Phidieuche,Phivanchuyen,Gionhap,Handung,Trangthai
MaBienLai,,Tenmau,NM,Gia,Phidieuche,Phivanchuyen,Gionhap,Handung,Trangthai
MaBienLai,,Tenmau,NM,Gia,Phidieuche,Phivanchuyen,Gionhap,Handung,Trangthai
MaBienLai,,Tenmau,NM,Gia,Phidieuche,Phivanchuyen,Gionhap,Handung,Trangthai
MaBienLai,,Tenmau,NM,Gia,Phidieuche,Phivanchuyen,Gionhap,Handung,Trangthai
MaBienLai,,Tenmau,NM,Gia,Phidieuche,Phivanchuyen,Gionhap,Handung,Trangthai
MaBienLai,,Tenmau,NM,Gia,Phidieuche,Phivanchuyen,Gionhap,Handung,Trangthai
MaBienLai,,Tenmau,NM,Gia,Phidieuche,Phivanchuyen,Gionhap,Handung,Trangthai
MaBienLai,,Tenmau,NM,Gia,Phidieuche,Phivanchuyen,Gionhap,Handung,Trangthai
MaBienLai,,Tenmau,NM,Gia,Phidieuche,Phivanchuyen,Gionhap,Handung,Trangthai
MaBienLai,,Tenmau,NM,Gia,Phidieuche,Phivanchuyen,Gionhap,Handung,Trangthai
MaBienLai,,Tenmau,NM,Gia,Phidieuche,Phivanchuyen,Gionhap,Handung,Trangthai
MaBienLai,,Tenmau,NM,Gia,Phidieuche,Phivanchuyen,Gionhap,Handung,Trangthai
MaBienLai,,Tenmau,NM,Gia,Phidieuche,Phivanchuyen,Gionhap,Handung,Trangthai
MaBienLai,,Tenmau,NM,Gia,Phidieuche,Phivanchuyen,Gionhap,Handung,Trangthai
MaBienLai,,Tenmau,NM,Gia,Phidieuche,Phivanchuyen,Gionhap,Handung,Trangthai
MaBienLai,,Tenmau,NM,Gia,Phidieuche,Phivanchuyen,Gionhap,Handung,Trangthai
MaBienLai,,Tenmau,NM,Gia,Phidieuche,Phivanchuyen,Gionhap,Handung,Trangthai
MaBienLai,,Tenmau,NM,Gia,Phidieuche,Phivanchuyen,Gionhap,Handung,Trangthai
MaBienLai,,Tenmau,NM,Gia,Phidieuche,Phivanchuyen,Gionhap,Handung,Trangthai
MaBienLai,,Tenmau,NM,Gia,Phidieuche,Phivanchuyen,Gionhap,Handung,Trangthai
MaBienLai,,Tenmau,NM,Gia,Phidieuche,Phivanchuyen,Gionhap,Handung,Trangthai
MaBienLai,,Tenmau,NM,Gia,Phidieuche,Phivanchuyen,Gionhap,Handung,Trangthai
MaBienLai,,Tenmau,NM,Gia,Phidieuche,Phivanchuyen,Gionhap,Handung,Trangthai
MaBienLai,,Tenmau,NM,Gia,Phidieuche,Phivanchuyen,Gionhap,Handung,Trangthai
MaBienLai,,Tenmau,NM,Gia,Phidieuche,Phivanchuyen,Gionhap,Handung,Trangthai
MaBienLai,,Tenmau,NM,Gia,Phidieuche,Phivanchuyen,Gionhap,Handung,Trangthai
MaBienLai,,Tenmau,NM,Gia,Phidieuche,Phivanchuyen,Gionhap,Handung,Trangthai
MaBienLai,,Tenmau,NM,Gia,Phidieuche,Phivanchuyen,Gionhap,Handung,Trangthai
MaBienLai,,Tenmau,NM,Gia,Phidieuche,Phivanchuyen,Gionhap,Handung,Trangthai
MaBienLai,,Tenmau,NM,Gia,Phidieuche,Phivanchuyen,Gionhap,Handung,Trangthai
MaBienLai,,Tenmau,NM,Gia,Phidieuche,Phivanchuyen,Gionhap,Handung,Trangthai
MaBienLai,,Tenmau,NM,Gia,Phidieuche,Phivanchuyen,Gionhap,Handung,Trangthai
MaBienLai,,Tenmau,NM,Gia,Phidieuche,Phivanchuyen,Gionhap,Handung,Trangthai
MaBienLai,,Tenmau,NM,Gia,Phidieuche,Phivanchuyen,Gionhap,Handung,Trangthai
MaBienLai,,Tenmau,NM,Gia,Phidieuche,Phivanchuyen,Gionhap,Handung,Trangthai
MaBienLai,,Tenmau,NM,Gia,Phidieuche,Phivanchuyen,Gionhap,Handung,Trangthai
MaBienLai,,Tenmau,NM,Gia,Phidieuche,Phivanchuyen,Gionhap,Handung,Trangthai
MaBienLai,,Tenmau,NM,Gia,Phidieuche,Phivanchuyen,Gionhap,Handung,Trangthai
MaBienLai,,Tenmau,NM,Gia,Phidieuche,Phivanchuyen,Gionhap,Handung,Trangthai
MaBienLai,,Tenmau,NM,Gia,Phidieuche,Phivanchuyen,Gionhap,Handung,Trangthai
MaBienLai,,Tenmau,NM,Gia,Phidieuche,Phivanchuyen,Gionhap,Handung,Trangthai
MaBienLai,,Tenmau,NM,Gia,Phidieuche,Phivanchuyen,Gionhap,Handung,Trangthai
MaBienLai,,Tenmau,NM,Gia,Phidieuche,Phivanchuyen,Gionhap,Handung,Trangthai
MaBienLai,,Tenmau,NM,Gia,Phidieuche,Phivanchuyen,Gionhap,Handung,Trangthai
MaBienLai,,Tenmau,NM,Gia,Phidieuche,Phivanchuyen,Gionhap,Handung,Trangthai
MaBienLai,,Tenmau,NM,Gia,Phidieuche,Phivanchuyen,Gionhap,Handung,Trangthai
MaBienLai,,Tenmau,NM,Gia,Phidieuche,Phivanchuyen,Gionhap,Handung,Trangthai
MaBienLai,,Tenmau,NM,Gia,Phidieuche,Phivanchuyen,Gionhap,Handung,Trangthai
MaBienLai,,Tenmau,NM,Gia,Phidieuche,Phivanchuyen,Gionhap,Handung,Trangthai
MaBienLai,,Tenmau,NM,Gia,Phidieuche,Phivanchuyen,Gionhap,Handung,Trangthai
MaBienLai,,Tenmau,NM,Gia,Phidieuche,Phivanchuyen,Gionhap,Handung,Trangthai
MaBienLai,,Tenmau,NM,Gia,Phidieuche,Phivanchuyen,Gionhap,Handung,Trangthai
MaBienLai,,Tenmau,NM,Gia,Phidieuche,Phivanchuyen,Gionhap,Handung,Trangthai
MaBienLai,,Tenmau,NM,Gia,Phidieuche,Phivanchuyen,Gionhap,Handung,Trangthai
MaBienLai,,Tenmau,NM,Gia,Phidieuche,Phivanchuyen,Gionhap,Handung,Trangthai
MaBienLai,,Tenmau,NM,Gia,Phidieuche,Phivanchuyen,Gionhap,Handung,Trangthai
MaBienLai,,Tenmau,NM,Gia,Phidieuche,Phivanchuyen,Gionhap,Handung,Trangthai
MaBienLai,,Tenmau,NM,Gia,Phidieuche,Phivanchuyen,Gionhap,Handung,Trangthai
MaBienLai,,Tenmau,NM,Gia,Phidieuche,Phivanchuyen,Gionhap,Handung,Trangthai
MaBienLai,,Tenmau,NM,Gia,Phidieuche,Phivanchuyen,Gionhap,Handung,Trangthai
MaBienLai,,Tenmau,NM,Gia,Phidieuche,Phivanchuyen,Gionhap,Handung,Trangthai
MaBienLai,,Tenmau,NM,Gia,Phidieuche,Phivanchuyen,Gionhap,Handung,Trangthai
MaBienLai,,Tenmau,NM,Gia,Phidieuche,Phivanchuyen,Gionhap,Handung,Trangthai
MaBienLai,,Tenmau,NM,Gia,Phidieuche,Phivanchuyen,Gionhap,Handung,Trangthai
MaBienLai,,Tenmau,NM,Gia,Phidieuche,Phivanchuyen,Gionhap,Handung,Trangthai
MaBienLai,,Tenmau,NM,Gia,Phidieuche,Phivanchuyen,Gionhap,Handung,Trangthai
MaBienLai,,Tenmau,NM,Gia,Phidieuche,Phivanchuyen,Gionhap,Handung,Trangthai
MaBienLai,,Tenmau,NM,Gia,Phidieuche,Phivanchuyen,Gionhap,Handung,Trangthai
MaBienLai,,Tenmau,NM,Gia,Phidieuche,Phivanchuyen,Gionhap,Handung,Trangthai
MaBienLai,,Tenmau,NM,Gia,Phidieuche,Phivanchuyen,Gionhap,Handung,Trangthai
MaBienLai,,Tenmau,NM,Gia,Phidieuche,Phivanchuyen,Gionhap,Handung,Trangthai
MaBienLai,,Tenmau,NM,Gia,Phidieuche,Phivanchuyen,Gionhap,Handung,Trangthai
MaBienLai,,Tenmau,NM,Gia,Phidieuche,Phivanchuyen,Gionhap,Handung,Trangthai
MaBienLai,,Tenmau,NM,Gia,Phidieuche,Phivanchuyen,Gionhap,Handung,Trangthai
MaBienLai,,Tenmau,NM,Gia,Phidieuche,Phivanchuyen,Gionhap,Handung,Trangthai
MaBienLai,,Tenmau,NM,Gia,Phidieuche,Phivanchuyen,Gionhap,Handung,Trangthai
MaBienLai,,Tenmau,NM,Gia,Phidieuche,Phivanchuyen,Gionhap,Handung,Trangthai
MaBienLai,,Tenmau,NM,Gia,Phidieuche,Phivanchuyen,Gionhap,Handung,Trangthai
MaBienLai,,Tenmau,NM,Gia,Phidieuche,Phivanchuyen,Gionhap,Handung,Trangthai
MaBienLai,,Tenmau,NM,Gia,Phidieuche,Phivanchuyen,Gionhap,Handung,Trangthai
MaBienLai,,Tenmau,NM,Gia,Phidieuche,Phivanchuyen,Gionhap,Handung,Trangthai
MaBienLai,,Tenmau,NM,Gia,Phidieuche,Phivanchuyen,Gionhap,Handung,Trangthai
MaBienLai,,Tenmau,NM,Gia,Phidieuche,Phivanchuyen,Gionhap,Handung,Trangthai
MaBienLai,,Tenmau,NM,Gia,Phidieuche,Phivanchuyen,Gionhap,Handung,Trangthai
MaBienLai,,Tenmau,NM,Gia,Phidieuche,Phivanchuyen,Gionhap,Handung,Trangthai
MaBienLai,,Tenmau,NM,Gia,Phidieuche,Phivanchuyen,Gionhap,Handung,Trangthai
MaBienLai,,Tenmau,NM,Gia,Phidieuche,Phivanchuyen,Gionhap,Handung,Trangthai
MaBienLai,,Tenmau,NM,Gia,Phidieuche,Phivanchuyen,Gionhap,Handung,Trangthai
MaBienLai,,Tenmau,NM,Gia,Phidieuche,Phivanchuyen,Gionhap,Handung,Trangthai
MaBienLai,,Tenmau,NM,Gia,Phidieuche,Phivanchuyen,Gionhap,Handung,Trangthai
MaBienLai,,Tenmau,NM,Gia,Phidieuche,Phivanchuyen,Gionhap,Handung,Trangthai
MaBienLai,,Tenmau,NM,Gia,Phidieuche,Phivanchuyen,Gionhap,Handung,Trangthai
MaBienLai,,Tenmau,NM,Gia,Phidieuche,Phivanchuyen,Gionhap,Handung,Trangthai
MaBienLai,,Tenmau,NM,Gia,Phidieuche,Phivanchuyen,Gionhap,Handung,Trangthai
MaBienLai,,Tenmau,NM,Gia,Phidieuche,Phivanchuyen,Gionhap,Handung,Trangthai
MaBienLai,,Tenmau,NM,Gia,Phidieuche,Phivanchuyen,Gionhap,Handung,Trangthai
MaBienLai,,Tenmau,NM,Gia,Phidieuche,Phivanchuyen,Gionhap,Handung,Trangthai
MaBienLai,,Tenmau,NM,Gia,Phidieuche,Phivanchuyen,Gionhap,Handung,Trangthai
MaBienLai,,Tenmau,NM,Gia,Phidieuche,Phivanchuyen,Gionhap,Handung,Trangthai
MaBienLai,,Tenmau,NM,Gia,Phidieuche,Phivanchuyen,Gionhap,Handung,Trangthai
MaBienLai,,Tenmau,NM,Gia,Phidieuche,Phivanchuyen,Gionhap,Handung,Trangthai
MaBienLai,,Tenmau,NM,Gia,Phidieuche,Phivanchuyen,Gionhap,Handung,Trangthai
MaBienLai,,Tenmau,NM,Gia,Phidieuche,Phivanchuyen,Gionhap,Handung,Trangthai
MaBienLai,,Tenmau,NM,Gia,Phidieuche,Phivanchuyen,Gionhap,Handung,Trangthai
MaBienLai,,Tenmau,NM,Gia,Phidieuche,Phivanchuyen,Gionhap,Handung,Trangthai
MaBienLai,,Tenmau,NM,Gia,Phidieuche,Phivanchuyen,Gionhap,Handung,Trangthai
MaBienLai,,Tenmau,NM,Gia,Phidieuche,Phivanchuyen,Gionhap,Handung,Trangthai
MaBienLai,,Tenmau,NM,Gia,Phidieuche,Phivanchuyen,Gionhap,Handung,Trangthai
MaBienLai,,Tenmau,NM,Gia,Phidieuche,Phivanchuyen,Gionhap,Handung,Trangthai
MaBienLai,,Tenmau,NM,Gia,Phidieuche,Phivanchuyen,Gionhap,Handung,Trangthai
MaBienLai,,Tenmau,NM,Gia,Phidieuche,Phivanchuyen,Gionhap,Handung,Trangthai
MaBienLai,,Tenmau,NM,Gia,Phidieuche,Phivanchuyen,Gionhap,Handung,Trangthai
MaBienLai,,Tenmau,NM,Gia,Phidieuche,Phivanchuyen,Gionhap,Handung,Trangthai
MaBienLai,,Tenmau,NM,Gia,Phidieuche,Phivanchuyen,Gionhap,Handung,Trangthai
MaBienLai,,Tenmau,NM,Gia,Phidieuche,Phivanchuyen,Gionhap,Handung,Trangthai
MaBienLai,,Tenmau,NM,Gia,Phidieuche,Phivanchuyen,Gionhap,Handung,Trangthai
MaBienLai,,Tenmau,NM,Gia,Phidieuche,Phivanchuyen,Gionhap,Handung,Trangthai
MaBienLai,,Tenmau,NM,Gia,Phidieuche,Phivanchuyen,Gionhap,Handung,Trangthai
MaBienLai,,Tenmau,NM,Gia,Phidieuche,Phivanchuyen,Gionhap,Handung,Trangthai
MaBienLai,,Tenmau,NM,Gia,Phidieuche,Phivanchuyen,Gionhap,Handung,Trangthai
MaBienLai,,Tenmau,NM,Gia,Phidieuche,Phivanchuyen,Gionhap,Handung,Trangthai
MaBienLai,,Tenmau,NM,Gia,Phidieuche,Phivanchuyen,Gionhap,Handung,Trangthai
MaBienLai,,Tenmau,NM,Gia,Phidieuche,Phivanchuyen,Gionhap,Handung,Trangthai
MaBienLai,,Tenmau,NM,Gia,Phidieuche,Phivanchuyen,Gionhap,Handung,Trangthai
MaBienLai,,Tenmau,NM,Gia,Phidieuche,Phivanchuyen,Gionhap,Handung,Trangthai
MaBienLai,,Tenmau,NM,Gia,Phidieuche,Phivanchuyen,Gionhap,Handung,Trangthai
MaBienLai,,Tenmau,NM,Gia,Phidieuche,Phivanchuyen,Gionhap,Handung,Trangthai
MaBienLai,,Tenmau,NM,Gia,Phidieuche,Phivanchuyen,Gionhap,Handung,Trangthai
MaBienLai,,Tenmau,NM,Gia,Phidieuche,Phivanchuyen,Gionhap,Handung,Trangthai
MaBienLai,,Tenmau,NM,Gia,Phidieuche,Phivanchuyen,Gionhap,Handung,Trangthai
MaBienLai,,Tenmau,NM,Gia,Phidieuche,Phivanchuyen,Gionhap,Handung,Trangthai
MaBienLai,,Tenmau,NM,Gia,Phidieuche,Phivanchuyen,Gionhap,Handung,Trangthai
MaBienLai,,Tenmau,NM,Gia,Phidieuche,Phivanchuyen,Gionhap,Handung,Trangthai
MaBienLai,,Tenmau,NM,Gia,Phidieuche,Phivanchuyen,Gionhap,Handung,Trangthai
MaBienLai,,Tenmau,NM,Gia,Phidieuche,Phivanchuyen,Gionhap,Handung,Trangthai
MaBienLai,,Tenmau,NM,Gia,Phidieuche,Phivanchuyen,Gionhap,Handung,Trangthai
MaBienLai,,Tenmau,NM,Gia,Phidieuche,Phivanchuyen,Gionhap,Handung,Trangthai
MaBienLai,,Tenmau,NM,Gia,Phidieuche,Phivanchuyen,Gionhap,Handung,Trangthai
MaBienLai,,Tenmau,NM,Gia,Phidieuche,Phivanchuyen,Gionhap,Handung,Trangthai
MaBienLai,,Tenmau,NM,Gia,Phidieuche,Phivanchuyen,Gionhap,Handung,Trangthai
MaBienLai,,Tenmau,NM,Gia,Phidieuche,Phivanchuyen,Gionhap,Handung,Trangthai
MaBienLai,,Tenmau,NM,Gia,Phidieuche,Phivanchuyen,Gionhap,Handung,Trangthai
MaBienLai,,Tenmau,NM,Gia,Phidieuche,Phivanchuyen,Gionhap,Handung,Trangthai
MaBienLai,,Tenmau,NM,Gia,Phidieuche,Phivanchuyen,Gionhap,Handung,Trangthai
MaBienLai,,Tenmau,NM,Gia,Phidieuche,Phivanchuyen,Gionhap,Handung,Trangthai
MaBienLai,,Tenmau,NM,Gia,Phidieuche,Phivanchuyen,Gionhap,Handung,Trangthai
MaBienLai,,Tenmau,NM,Gia,Phidieuche,Phivanchuyen,Gionhap,Handung,Trangthai
MaBienLai,,Tenmau,NM,Gia,Phidieuche,Phivanchuyen,Gionhap,Handung,Trangthai
MaBienLai,,Tenmau,NM,Gia,Phidieuche,Phivanchuyen,Gionhap,Handung,Trangthai
MaBienLai,,Tenmau,NM,Gia,Phidieuche,Phivanchuyen,Gionhap,Handung,Trangthai
MaBienLai,,Tenmau,NM,Gia,Phidieuche,Phivanchuyen,Gionhap,Handung,Trangthai
MaBienLai,,Tenmau,NM,Gia,Phidieuche,Phivanchuyen,Gionhap,Handung,Trangthai
MaBienLai,,Tenmau,NM,Gia,Phidieuche,Phivanchuyen,Gionhap,Handung,Trangthai
MaBienLai,,Tenmau,NM,Gia,Phidieuche,Phivanchuyen,Gionhap,Handung,Trangthai
MaBienLai,,Tenmau,NM,Gia,Phidieuche,Phivanchuyen,Gionhap,Handung,Trangthai
MaBienLai,,Tenmau,NM,Gia,Phidieuche,Phivanchuyen,Gionhap,Handung,Trangthai
MaBienLai,,Tenmau,NM,Gia,Phidieuche,Phivanchuyen,Gionhap,Handung,Trangthai
MaBienLai,,Tenmau,NM,Gia,Phidieuche,Phivanchuyen,Gionhap,Handung,Trangthai
MaBienLai,,Tenmau,NM,Gia,Phidieuche,Phivanchuyen,Gionhap,Handung,Trangthai
MaBienLai,,Tenmau,NM,Gia,Phidieuche,Phivanchuyen,Gionhap,Handung,Trangthai
